Workbook

Sheet 00_Дашборд
B2: ТОЧКА ЗВУКА / ИНКЛЮЗИВНЫЙ МАРШРУТ+ — Инженерный пакет
B3: Автор | C3: Никитин Даниил Константинович
B4: AUTHOR_COUNT | C4: 1
B5: CURRENT GATE | C5: 6B-3
B7: СТАТУСЫ
B8: Software MVP | C8: IMPLEMENTED
B9: Real ASR | C9: PLANNED
B10: Auracast hardware | C10: NOT PURCHASED
B11: Bridge-T hardware | C11: PLANNED / research
B12: Experimental measurements | C12: NOT MEASURED
B13: Article | C13: FINAL
B14: Presentation | C14: FINAL / current version
B16: NEXT | C16: hardware + Local ASR + experiments
B17: PIPELINE | C17: Software MVP → Hardware stand → Experiments → Pilot
B19: KPI (вычисляется автоматически)
B20: Аналоги (кол-во) | C20: =COUNTA('01_Аналоги'!A2:A1000)
B21: Эксперименты (кол-во) | C21: =COUNTA('04_Эксперименты'!A2:A1000)
B22: BOM items (кол-во) | C22: =COUNTA('02_BOM'!A2:A1000)
B23: HIGH risks (кол-во) | C23: =COUNTIF('06_Риски'!F2:F500,"HIGH")
B24: Actual measurements (кол-во) | C24: =COUNTIF('04_Эксперименты'!S2:S500,"COMPLETED")

Sheet 01_Аналоги
A1: ID | B1: Solution | C1: Manufacturer | D1: Current / Legacy / Proposed | E1: Target users | F1: Education scenario | G1: Teacher microphone | H1: Wireless technology | I1: FM | J1: Proprietary digital | K1: Auracast | L1: Dedicated receiver | M1: Consumer Auracast devices | N1: Direct HA/CI | O1: T-coil | P1: Neckloop | Q1: Clean audio output | R1: USB audio output | S1: Speech-to-text | T1: Same-source STT | U1: Live captions | V1: Timestamped transcript | W1: Missed Speech | X1: Notes (feature) | Y1: Translation | Z1: AI summary | AA1: Confidence handling | AB1: Accessibility profile | AC1: Audio without Internet | AD1: Text without Internet | AE1: Special receiver required | AF1: Major strength | AG1: Major limitation | AH1: Source ID | AI1: Evidence quality | AJ1: Notes
A2: A-01 | B2: СОНЕТ 2.0 | C2: Исток-Аудио | D2: Current | E2: Слабослышащие, СА/КИ | F2: Радиокласс: школа/вуз | G2: YES | H2: UHF FM 863–865 МГц | I2: YES | J2: NO | K2: NO | L2: YES | M2: NO | N2: PARTIAL | O2: PARTIAL | P2: YES | Q2: YES | R2: NO | S2: NO | T2: NO | U2: NO | V2: NO | W2: NO | X2: NO | Y2: NO | Z2: NO | AA2: NO | AB2: NO | AC2: YES | AD2: NO | AE2: YES | AF2: Зрелое решение доставки чистого звука; групповое использование; индукционный выход | AG2: Нет текстового слоя; закрытый UHF; спец. приёмник у каждого | AH2: SRC-SONET | AI2: PRIMARY (vendor official) | AJ2: vendor-испытания без peer review
A3: A-02 | B3: Phonak Roger ecosystem | C3: Sonova/Phonak | D3: Current | E3: СА/КИ; образование | F3: Удалённый микрофон в классе | G3: YES | H3: 2.4 ГГц proprietary | I3: NO | J3: YES | K3: NO | L3: YES | M3: NO | N3: YES | O3: PARTIAL | P3: PARTIAL | Q3: YES | R3: PARTIAL | S3: PARTIAL | T3: PARTIAL | U3: PARTIAL | V3: UNKNOWN | W3: NO | X3: NO | Y3: NO | Z3: NO | AA3: NO | AB3: PARTIAL | AC3: YES | AD3: PARTIAL | AE3: YES | AF3: Управляемый SNR; <20 мс; экосистема; приёмники для КИ | AG3: Проприетарный транспорт; цена | AH3: SRC-PHONAK | AI3: PRIMARY (vendor official)
A4: A-03 | B4: Roger NeckLoop | C4: Sonova/Phonak | D4: Current | E4: Любые СА/КИ с T-coil | F4: Универсальный T-coil приёмник | G4: YES (через Roger mic) | H4: 2.4 ГГц proprietary | I4: NO | J4: YES | K4: NO | L4: YES | M4: NO | N4: PARTIAL | O4: YES | P4: YES | Q4: YES | R4: YES | S4: YES | T4: YES | U4: PARTIAL | V4: PARTIAL | W4: NO | X4: NO | Y4: NO | Z4: NO | AA4: NO | AB4: PARTIAL | AC4: YES | AD4: PARTIAL | AE4: YES | AF4: T-coil + USB audio; официальный сценарий speech-to-text (2021) | AG4: Текст на подключённом компьютере; нет привязки к сессии | AH4: SRC-PHONAK | AI4: PRIMARY (vendor official) | AJ4: CRITICAL PRIOR ART для clean-feed → STT
A5: A-04 | B5: Roger MyLink | C5: Sonova/Phonak | D5: Legacy | E5: Любые СА/КИ с T-coil | F5: Исторический T-coil приёмник | G5: YES (через Roger mic) | H5: 2.4 ГГц proprietary | I5: NO | J5: YES | K5: NO | L5: YES | M5: NO | N5: PARTIAL | O5: YES | P5: YES | Q5: YES | R5: NO | S5: NO | T5: NO | U5: NO | V5: NO | W5: NO | X5: NO | Y5: NO | Z5: NO | AA5: NO | AB5: NO | AC5: YES | AD5: NO | AE5: YES | AF5: Ранний пример класса wireless→neckloop→T-coil | AG5: EOL; без USB; снят с поддержки | AH5: SRC-PHONAK | AI5: PRIMARY (archived official) | AJ5: legacy/исторический аналог
A6: A-05 | B6: Auri | C6: Ampetronic/Listen | D6: Current | E6: Учреждения, вузы | F6: Auracast ALS (Dante) | G6: YES (через аудиосистему) | H6: Auracast (BLE) | I6: NO | J6: NO | K6: YES | L6: YES | M6: YES | N6: PARTIAL | O6: YES | P6: YES | Q6: YES | R6: UNKNOWN | S6: NO | T6: NO | U6: NO | V6: NO | W6: NO | X6: NO | Y6: NO | Z6: NO | AA6: NO | AB6: NO | AC6: YES | AD6: NO | AE6: YES | AF6: Auracast + RX1 + neckloop; внедрения (Oxford, UAL) | AG6: Нет текста; нужен приёмник | AH6: SRC-AURI | AI6: PRIMARY (vendor/SIG)
A7: A-06 | B7: Bettear | C7: Bettear | D7: Current | E7: Учреждения, вузы | F7: Auracast + venue captions | G7: YES (через аудиосистему) | H7: Auracast (BLE) | I7: NO | J7: NO | K7: YES | L7: YES | M7: YES | N7: PARTIAL | O7: YES | P7: YES | Q7: YES | R7: YES | S7: PARTIAL | T7: PARTIAL | U7: PARTIAL | V7: PARTIAL | W7: NO | X7: NO | Y7: PARTIAL | Z7: NO | AA7: NO | AB7: UNKNOWN | AC7: NO | AD7: PARTIAL | AE7: YES | AF7: Auracast + venue transcription + RTX USB feed | AG7: Нет дословного «Не расслышал»; venue-инфраструктура | AH7: SRC-BETTEAR | AI7: PRIMARY (vendor)
A8: A-07 | B8: HearAura | C8: HearAura (indie) | D8: Current | E8: Пользователи iPhone | F8: Auracast assistant + captions | G8: NO | H8: Auracast (assistant) + mic | I8: NO | J8: NO | K8: YES | L8: NO | M8: YES | N8: PARTIAL | O8: NO | P8: NO | Q8: PARTIAL | R8: NO | S8: YES | T8: PARTIAL | U8: YES | V8: PARTIAL | W8: PARTIAL (summary) | X8: NO | Y8: UNKNOWN | Z8: YES | AA8: NO | AB8: YES | AC8: YES | AD8: YES | AE8: NO | AF8: Единственное найденное сочетание Auracast + captions | AG8: iOS-centric; «Catch me up» — summary, не дословный replay | AH8: SRC-HEARAURA | AI8: PRIMARY (product site)
A9: A-08 | B9: Ava | C9: Ava | D9: Current | E9: Школы/вузы, DHH | F9: Live captions в классе | G9: NO | H9: BT / mic | I9: NO | J9: NO | K9: NO | L9: NO | M9: NO | N9: NO | O9: NO | P9: NO | Q9: NO | R9: NO | S9: YES | T9: NO | U9: YES | V9: YES | W9: NO (scrollback) | X9: YES | Y9: YES | Z9: YES | AA9: NO | AB9: YES | AC9: PARTIAL | AD9: PARTIAL | AE9: NO | AF9: Зрелые live captions, заметки, Scribe | AG9: Не ALS; зависит от микрофона/облака | AH9: SRC-AVA | AI9: PRIMARY (product site)
A10: A-09 | B10: Google Live Transcribe | C10: Google | D10: Current | E10: Широкая аудитория | F10: Captions на Android | G10: NO | H10: Device audio / mic | I10: NO | J10: NO | K10: NO | L10: NO | M10: NO | N10: NO | O10: NO | P10: NO | Q10: NO | R10: NO | S10: YES | T10: NO | U10: YES | V10: YES | W10: PARTIAL (Hold/scrollback) | X10: NO | Y10: PARTIAL | Z10: NO | AA10: NO | AB10: YES | AC10: PARTIAL | AD10: YES | AE10: NO | AF10: Доступно; on-device; hold/scrollback | AG10: Мic-based; не связано с ALS | AH10: SRC-GOOGLE | AI10: PRIMARY (official docs)
A11: A-10 | B11: Точка звука / Route+ [PROPOSED] | C11: Никитин Д.К. (автор проекта) | D11: Proposed | E11: PRIMARY: СА/КИ; SECONDARY: широкая аудитория | F11: Единая образовательная сессия | G11: PROPOSED (clean feed) | H11: Auracast (PROPOSED) | I11: NO | J11: NO | K11: PROPOSED | L11: RESEARCH | M11: PROPOSED | N11: PROPOSED | O11: PROPOSED | P11: PROPOSED | Q11: PROPOSED | R11: PROPOSED | S11: PROPOSED | T11: PROPOSED | U11: IMPLEMENTED_MVP | V11: IMPLEMENTED_MVP | W11: IMPLEMENTED_MVP | X11: IMPLEMENTED_MVP | Y11: PROPOSED (PHASE_2) | Z11: RESEARCH | AA11: RESEARCH | AB11: IMPLEMENTED_MVP | AC11: PROPOSED | AD11: RESEARCH | AE11: PARTIAL | AF11: Единая сессия: аудио + синхронизированный текст; «Не расслышал» | AG11: Hardware не закуплен; реальный ASR не реализован; часть — research | AH11: SRC-INTERNAL | AI11: PROJECT (implementation evidence) | AJ11: clean-feed и Bridge-T не заявлены новизной

Sheet 02_BOM
A1: Item ID | B1: Subsystem | C1: Item | D1: Manufacturer | E1: Model | F1: Purpose | G1: Required / Optional | H1: Quantity | I1: Unit | J1: Unit Price | K1: Currency | L1: Estimated Total | M1: Price Status | N1: Price Date | O1: Source | P1: Purchased? | Q1: Existing? | R1: Experiment IDs | S1: Notes
A2: BOM-A-01 | B2: A. Research stand | C2: LE Audio devkit (Broadcast Source + Sink) | D2: Nordic Semiconductor | E2: nRF5340 Audio DK | F2: Source и sink, контроль LC3/QoS | G2: Required | H2: 2 | I2: pcs | J2: 172.57 | K2: USD | L2: =IF(N(J2)=0,"",H2*J2) | M2: Estimate | O2: https://www.nordicsemi.com/Products/Development-hardware/nRF5340-Audio-DK | P2: NOT PURCHASED | Q2: NO | R2: E01;E03;E04 | S2: Ориентир ~$172.57/pc (DigiKey); цену подтвердить
A3: BOM-A-02 | B3: A. Research stand | C3: Microphone / audio source | D3: TBD | E3: TBD | F3: Подача речи на line-in | G3: Required | H3: 1 | I3: pcs | K3: USD | L3: =IF(N(J3)=0,"",H3*J3) | M3: NEEDS QUOTE | O3: PURCHASE_DECISION.md | P3: NO | Q3: UNKNOWN | R3: E01;E04 | S3: Модель не выбрана
A4: BOM-A-03 | B4: A. Research stand | C4: 3.5 mm cables / adapters | D4: TBD | E4: TBD | F4: Подключение line-in/out | G4: Required | H4: 4 | I4: pcs | K4: USD | L4: =IF(N(J4)=0,"",H4*J4) | M4: NEEDS QUOTE | O4: PURCHASE_DECISION.md | P4: NO | Q4: UNKNOWN | R4: E01;E04;E07
A5: BOM-A-04 | B5: A. Research stand | C5: USB cables | D5: TBD | E5: TBD | F5: Питание/данные devkit | G5: Optional | H5: 2 | I5: pcs | K5: USD | L5: =IF(N(J5)=0,"",H5*J5) | M5: NEEDS QUOTE | O5: PURCHASE_DECISION.md | P5: NO | Q5: UNKNOWN | R5: E01;E03 | S5: Часто идут в комплекте
A6: BOM-A-05 | B6: A. Research stand | C6: PC / laptop | D6: Existing | E6: TBD | F6: Управление, логи, ASR | G6: Required | H6: 1 | I6: pcs | K6: USD | L6: =IF(N(J6)=0,"",H6*J6) | M6: NOT PURCHASED | O6: EXISTING | P6: YES | Q6: E01;E03;E04;E05 | R6: Предполагается имеющимся
A7: BOM-A-06 | B7: A. Research stand | C7: Measurement audio interface / oscilloscope | D7: TBD | E7: TBD | F7: Измерение задержки | G7: Required | H7: 1 | I7: pcs | K7: USD | L7: =IF(N(J7)=0,"",H7*J7) | M7: NEEDS QUOTE | O7: LATENCY_TEST_PROTOCOL.md | P7: NO | Q7: UNKNOWN | R7: E01 | S7: Наличие не подтверждено
A8: BOM-B-01 | B8: B. Low-cost demo | C8: Auracast USB transmitter/receiver | D8: Flairmesh | E8: FlooGoo FMA120 | F8: Быстрый источник/приёмник для демо | G8: Optional | H8: 1 | I8: pcs | K8: USD | L8: =IF(N(J8)=0,"",H8*J8) | M8: NEEDS QUOTE | O8: https://www.flairmesh.com/Dongle/FMA120.html | P8: NO | Q8: NO | R8: DEMO | S8: Vendor-диапазон ~$45–130; точную цену подтвердить
A9: BOM-B-02 | B9: B. Low-cost demo | C9: Auracast receiver with analog out | D9: Avantree | E9: AuraClip (RC240) | F9: Приёмник с 3.5 мм выходом | G9: Optional | H9: 1 | I9: pcs | J9: 69.99 | K9: EUR | L9: =IF(N(J9)=0,"",H9*J9) | M9: SOURCE PRICE | N9: 2026-09-26 | O9: https://avantree.com/products/auraclip-auracast-receiver | P9: NO | Q9: NO | R9: DEMO;E07
A10: BOM-B-03 | B10: B. Low-cost demo | C10: Auracast USB transmitter | D10: MoerLab | E10: MoerLink / DB100 | F10: Альтернативный источник | G10: Optional | H10: 1 | I10: pcs | J10: 59 | K10: USD | L10: =IF(N(J10)=0,"",H10*J10) | M10: SOURCE PRICE | N10: 2026-09-26 | O10: https://www.moor-audio.com/collections/transmitter | P10: NO | Q10: NO | R10: DEMO | S10: Альтернатива, не совместная обязательная закупка
A11: BOM-C-01 | B11: C. Bridge-T experiment | C11: Auracast sink (analog output) | D11: Avantree | E11: AuraClip (RC240) / nRF5340 DK | F11: Источник аудио для индукции | G11: Required | H11: 1 | I11: pcs | J11: 69.99 | K11: EUR | L11: =IF(N(J11)=0,"",H11*J11) | M11: SOURCE PRICE | N11: 2026-09-26 | O11: BRIDGE_T_MVP_SPEC.md | P11: NO | Q11: NO | R11: E07 | S11: Может быть взят из B
A12: BOM-C-02 | B12: C. Bridge-T experiment | C12: Induction neckloop | D12: Williams AV | E12: NKL 001 | F12: Магнитное поле для T/MT | G12: Required | H12: 1 | I12: pcs | J12: 78 | K12: USD | L12: =IF(N(J12)=0,"",H12*J12) | M12: SOURCE PRICE | N12: 2026-09-26 | O12: https://williamsav.com/product/nkl-001/ | P12: NO | Q12: NO | R12: E07 | S12: Альтернатива HearCoil
A13: BOM-C-03 | B13: C. Bridge-T experiment | C13: Induction neckloop (alternative) | D13: Avantree | E13: HearCoil | F13: Альтернативный neckloop | G13: Optional | H13: 1 | I13: pcs | J13: 69.99 | K13: EUR | L13: =IF(N(J13)=0,"",H13*J13) | M13: SOURCE PRICE | N13: 2026-09-26 | O13: https://avantree.com/collections/t-coil-accessories | P13: NO | Q13: NO | R13: E07 | S13: Pre-order
A14: BOM-C-04 | B14: C. Bridge-T experiment | C14: Hearing aid / CI with T/MT access | D14: TBD (participant device) | E14: TBD | F14: Приём T/MT сигнала | G14: Required | H14: 1 | I14: pcs | K14: USD | L14: =IF(N(J14)=0,"",H14*J14) | M14: NEEDS QUOTE | O14: BRIDGE_T_MVP_SPEC.md | P14: NO | Q14: UNKNOWN | R14: E07 | S14: Наличие подходящего устройства не подтверждено
A15: BOM-C-05 | B15: C. Bridge-T experiment | C15: Cables / adapters | D15: TBD | E15: TBD | F15: Подключение индукционного каскада | G15: Required | H15: 2 | I15: pcs | K15: USD | L15: =IF(N(J15)=0,"",H15*J15) | M15: NEEDS QUOTE | O15: BRIDGE_T_MVP_SPEC.md | P15: NO | Q15: UNKNOWN | R15: E07
A16: BOM-C-06 | B16: C. Bridge-T experiment | C16: Measurement equipment (field/level) | D16: TBD | E16: TBD | F16: Измерение индукционного поля | G16: Optional | H16: 1 | I16: pcs | K16: USD | L16: =IF(N(J16)=0,"",H16*J16) | M16: NEEDS QUOTE | O16: BRIDGE_T_MVP_SPEC.md | P16: NO | Q16: UNKNOWN | R16: E07
A17: BOM-D-01 | B17: D. ASR experiment | C17: Smartphone for phone-mic arm | D17: TBD | E17: TBD | F17: Канал PHONE_MIC в E05 | G17: Required | H17: 2 | I17: pcs | K17: USD | L17: =IF(N(J17)=0,"",H17*J17) | M17: NEEDS QUOTE | O17: ASR_COMPARISON_PROTOCOL.md | P17: NO | Q17: UNKNOWN | R17: E05 | S17: Разные классы телефонов; наличие не подтверждено
A18: BOM-D-02 | B18: D. ASR experiment | C18: Clean-feed capture device | D18: TBD | E18: TBD | F18: Канал CLEAN_FEED в E05 | G18: Required | H18: 1 | I18: pcs | K18: USD | L18: =IF(N(J18)=0,"",H18*J18) | M18: NEEDS QUOTE | O18: ASR_COMPARISON_PROTOCOL.md | P18: NO | Q18: UNKNOWN | R18: E05
A19: BOM-D-03 | B19: D. ASR experiment | C19: Local ASR software (T-one) | D19: VoiceKit/T-Bank | E19: T-one (Apache-2.0) | F19: Streaming распознавание для E05 | G19: Required | H19: 1 | I19: license | J19: 0 | K19: USD | L19: =IF(N(J19)=0,"",H19*J19) | M19: SOURCE PRICE | N19: 2026-09-26 | O19: https://github.com/voicekit-team/T-one | P19: NO | Q19: NO | R19: E05 | S19: Бесплатно; веса НЕ скачаны
A20: BOM-D-04 | B20: D. ASR experiment | C20: Local ASR software (GigaAM-v3) | D20: Sber | E20: GigaAM-v3 RNNT (MIT) | F20: Batch-эталон для WER | G20: Optional | H20: 1 | I20: license | J20: 0 | K20: USD | L20: =IF(N(J20)=0,"",H20*J20) | M20: SOURCE PRICE | N20: 2026-09-26 | O20: https://github.com/salute-developers/GigaAM | P20: NO | Q20: NO | R20: E05 | S20: Бесплатно; веса НЕ скачаны
C22: TOTAL by currency
C23: Total USD | K23: USD | L23: =SUMIF($K$2:$K$20,"USD",$L$2:$L$20)
C24: Total RUB | K24: RUB | L24: =SUMIF($K$2:$K$20,"RUB",$L$2:$L$20)
C25: Total EUR | K25: EUR | L25: =SUMIF($K$2:$K$20,"EUR",$L$2:$L$20)
C26: Примечание: валюты не суммируются между собой; конвертация не выполняется.

Sheet 03_Закупка
A1: Scenario | B1: Item | C1: Qty | D1: Currency | E1: Unit Price | F1: Cost | G1: Mandatory? | H1: Why | I1: Blocks experiment? | J1: Purchase priority | K1: Source | L1: Status
A2: SCENARIO A — Research | B2: Nordic nRF5340 Audio DK | C2: 2 | D2: USD | E2: ='02_BOM'!J2 | F2: =IF(OR(N(D2)=0,N(E2)=0),"",C2*E2) | G2: YES | H2: Полный контроль LC3/QoS/PD | I2: YES | J2: P1 | K2: https://www.nordicsemi.com/Products/Development-hardware/nRF5340-Audio-DK | L2: NOT PURCHASED
A3: SCENARIO A — Research | B3: Microphone / audio source | C3: 1 | D3: USD | E3: ='02_BOM'!J3 | F3: =IF(OR(N(D3)=0,N(E3)=0),"",C3*E3) | G3: YES | H3: Подача речи для E01/E04 | I3: YES | J3: P1 | K3: PURCHASE_DECISION.md | L3: NEEDS QUOTE
A4: SCENARIO A — Research | B4: 3.5 mm cables / adapters | C4: 4 | D4: USD | E4: ='02_BOM'!J4 | F4: =IF(OR(N(D4)=0,N(E4)=0),"",C4*E4) | G4: YES | H4: Коммутация стенда | I4: YES | J4: P2 | K4: PURCHASE_DECISION.md | L4: NEEDS QUOTE
A5: SCENARIO A — Research | B5: Measurement audio interface / oscilloscope | C5: 1 | D5: USD | E5: ='02_BOM'!J7 | F5: =IF(OR(N(D5)=0,N(E5)=0),"",C5*E5) | G5: YES | H5: Измерение задержки E01 | I5: YES | J5: P1 | K5: LATENCY_TEST_PROTOCOL.md | L5: NEEDS QUOTE
A6: SCENARIO B — Low-cost demo | B6: FlooGoo FMA120 | C6: 1 | D6: USD | E6: ='02_BOM'!J8 | F6: =IF(OR(N(D6)=0,N(E6)=0),"",C6*E6) | G6: NO | H6: Быстрый источник/приёмник | I6: NO | J6: P2 | K6: https://www.flairmesh.com/Dongle/FMA120.html | L6: NEEDS QUOTE
A7: SCENARIO B — Low-cost demo | B7: Avantree AuraClip (RC240) | C7: 1 | D7: EUR | E7: ='02_BOM'!J9 | F7: =IF(OR(N(D7)=0,N(E7)=0),"",C7*E7) | G7: NO | H7: Приёмник с аналоговым выходом | I7: NO | J7: P2 | K7: https://avantree.com/products/auraclip-auracast-receiver | L7: NOT PURCHASED
A8: SCENARIO B — Low-cost demo | B8: MoerLab MoerLink / DB100 | C8: 1 | D8: USD | E8: ='02_BOM'!J10 | F8: =IF(OR(N(D8)=0,N(E8)=0),"",C8*E8) | G8: NO | H8: Альтернативный источник | I8: NO | J8: P3 | K8: https://www.moor-audio.com/collections/transmitter | L8: NOT PURCHASED
A9: SCENARIO C — Minimum E05 (software) | B9: PC / laptop | C9: 1 | D9: USD | E9: ='02_BOM'!J6 | F9: =IF(OR(N(D9)=0,N(E9)=0),"",C9*E9) | G9: YES | H9: Хостинг ASR и логирование | I9: NO | J9: P0 | K9: ASR_COMPARISON_PROTOCOL.md | L9: EXISTING
A10: SCENARIO C — Minimum E05 (software) | B10: Smartphone for phone-mic arm | C10: 2 | D10: USD | E10: ='02_BOM'!J17 | F10: =IF(OR(N(D10)=0,N(E10)=0),"",C10*E10) | G10: YES | H10: Канал PHONE_MIC | I10: YES | J10: P1 | K10: ASR_COMPARISON_PROTOCOL.md | L10: NEEDS QUOTE
A11: SCENARIO C — Minimum E05 (software) | B11: Local ASR software (T-one + GigaAM-v3) | C11: 2 | D11: USD | E11: ='02_BOM'!J19 | F11: =IF(OR(N(D11)=0,N(E11)=0),"",C11*E11) | G11: YES | H11: Распознавание и WER | I11: YES | J11: P0 | K11: https://github.com/voicekit-team/T-one | L11: SOURCE PRICE
B13: Totals per scenario and currency (formulas)
B14: SCENARIO A — Research | D14: USD | F14: =SUMIFS($F$2:$F$11,$A$2:$A$11,$B14,$D$2:$D$11,"USD")
B15: SCENARIO A — Research | D15: EUR | F15: =SUMIFS($F$2:$F$11,$A$2:$A$11,$B15,$D$2:$D$11,"EUR")
B16: SCENARIO A — Research | D16: RUB | F16: =SUMIFS($F$2:$F$11,$A$2:$A$11,$B16,$D$2:$D$11,"RUB")
B17: SCENARIO B — Low-cost demo | D17: USD | F17: =SUMIFS($F$2:$F$11,$A$2:$A$11,$B17,$D$2:$D$11,"USD")
B18: SCENARIO B — Low-cost demo | D18: EUR | F18: =SUMIFS($F$2:$F$11,$A$2:$A$11,$B18,$D$2:$D$11,"EUR")
B19: SCENARIO B — Low-cost demo | D19: RUB | F19: =SUMIFS($F$2:$F$11,$A$2:$A$11,$B19,$D$2:$D$11,"RUB")
B20: SCENARIO C — Minimum E05 (software) | D20: USD | F20: =SUMIFS($F$2:$F$11,$A$2:$A$11,$B20,$D$2:$D$11,"USD")
B21: SCENARIO C — Minimum E05 (software) | D21: EUR | F21: =SUMIFS($F$2:$F$11,$A$2:$A$11,$B21,$D$2:$D$11,"EUR")
B22: SCENARIO C — Minimum E05 (software) | D22: RUB | F22: =SUMIFS($F$2:$F$11,$A$2:$A$11,$B22,$D$2:$D$11,"RUB")
B24: Цены с Price Status = NEEDS QUOTE не входят в суммы (Unit Price пуст).

Sheet 04_Эксперименты
A1: Experiment ID | B1: Title | C1: Purpose | D1: Status | E1: Hardware Required | F1: Software Required | G1: Input | H1: Output | I1: Primary Metric | J1: Secondary Metrics | K1: Independent Variables | L1: Controlled Variables | M1: Number of Repetitions | N1: Acceptance Criterion | O1: CSV File | P1: Responsible | Q1: Planned Date | R1: Actual Date | S1: Result Status | T1: Result | U1: Notes
A2: E01 | B2: Audio latency | C2: Измерить сквозную задержку аудиотракта | D2: PLANNED | E2: 2× nRF5340 Audio DK; measurement interface/oscilloscope | F2: nRF Connect SDK (broadcast source/sink) | G2: Электрический вход TX (burst/чирп) | H2: Аналоговый выход RX | I2: end-to-end latency (mean/median/p95/max) | J2: jitter; потери; разложение по звеньям | K2: QoS (16_2_1/16_2_2/24_2_1/24_2_2); PD 20/30/40 мс | L2: Материал сигнала; условия помещения | M2: ≥100 на конфигурацию | N2: TARGET ≤60 мс; ≤100 допустимо; >150 — брак | O2: e01_latency.csv | P2: Никитин Даниил Константинович | S2: NOT MEASURED | U2: SOURCE POINT = электрический вход TX; END POINT = аналоговый выход RX
A3: E03 | B3: Packet stability | C3: Оценить устойчивость потока во времени | D3: PLANNED | E3: Стенд E01 | F3: Логирование | G3: Непрерывный аудиопоток | H3: Выход RX + логи | I3: Разрывы/глитчи/потери | J3: Длительность без сбоев | K3: Условия эфира/движение людей | L3: QoS; дистанция | M3: ≥3 прогона по ≥1 ч | N3: Нет разрывов в сценарии лекции | O3: e03_stability.csv | P3: Никитин Даниил Константинович | S3: NOT MEASURED
A4: E04 | B4: LC3 configuration comparison | C4: Сравнить конфигурации LC3 | D4: PLANNED | E4: Стенд E01 | F4: Управление конфигурациями | G4: Один речевой материал | H4: Записи выходов + субъективные оценки | I4: Субъективное/объективное качество | J4: Latency; airtime; совместимость | K4: 16_2_1;16_2_2;24_2_1;24_2_2;48_2 | L4: Материал; слушатели | M4: ≥3 фрагмента × ≥8 слушателей, слепое сравнение | N4: Выбранная база проходит и технически, и субъективно | O4: e04_lc3.csv | P4: Никитин Даниил Константинович | S4: NOT MEASURED | U4: Baseline 24_2_1 — не победитель, а стартовая гипотеза
A5: E05 | B5: Clean-feed vs smartphone ASR | C5: Сравнить WER/CER на чистом фиде и микрофоне | D5: PLANNED | E5: ПК; 2 телефона; clean-feed capture | F5: T-one; GigaAM-v3 (эталон) | G5: Синхронная запись CLEAN_FEED и PHONE_MIC | H5: Транскрипты + метрики | I5: WER | J5: CER; caption latency; finalization latency; partial revisions | K5: Условия A–E; канал | L5: Материал; модель ASR; параметры декодирования | M5: ≥10 повторов на условие | N5: Измеримое преимущество clean-feed (или его отсутствие) | O5: e05_asr.csv | P5: Никитин Даниил Константинович | S5: NOT MEASURED | U5: См. лист 05_E05_ASR (template)
A6: E07 | B6: Bridge-T audio transfer | C6: Проверить Auracast → индукция → T/MT | D6: PLANNED | E6: Auracast sink с аналоговым выходом; neckloop; СА/КИ с T/MT | F6: Без ПО (аудиотракт) | G6: Эфир Auracast | H6: Слышимость/разборчивость в T-режиме | I6: Уровень/разборчивость (субъективно) | J6: Гул; влияние расстояния 1–10 см | K6: Катушка; расстояние; экранирование | L6: Источник; материал | M6: ≥10 прослушиваний | N6: Стабильный разборчивый сигнал без гула сверх ожидаемого | O6: e07_bridge.csv | P6: Никитин Даниил Константинович | S6: NOT MEASURED | U6: Класс устройств известен (Roger/Auri/Bettear/AuraCoil)

Sheet 05_E05_ASR
A1: Trial ID | B1: Speech Material ID | C1: Condition | D1: Distance (m) | E1: Noise Condition | F1: Reverberation Condition | G1: Channel | H1: ASR Model | I1: Reference Text | J1: Recognized Text | K1: Word Count Reference (N) | L1: Substitutions (S) | M1: Deletions (D) | N1: Insertions (I) | O1: WER | P1: Reference Characters | Q1: Character Errors | R1: CER | S1: Caption Start Latency ms | T1: Finalization Latency ms | U1: Partial Revisions | V1: Notes
C2: A quiet / near | D2: 1 | E2: None | F2: Low | G2: CLEAN_FEED | O2: =IFERROR(IF(N(K2)=0,"",(N(K2)+N(L2)+N(M2))/K2),"") | R2: =IFERROR(IF(N(P2)=0,"",N(Q2)/P2),"")
C3: A quiet / near | D3: 1 | E3: None | F3: Low | G3: PHONE_MIC | O3: =IFERROR(IF(N(K3)=0,"",(N(K3)+N(L3)+N(M3))/K3),"") | R3: =IFERROR(IF(N(P3)=0,"",N(Q3)/P3),"")
C4: B far row | D4: 10-20 | E4: None | F4: Medium | G4: CLEAN_FEED | O4: =IFERROR(IF(N(K4)=0,"",(N(K4)+N(L4)+N(M4))/K4),"") | R4: =IFERROR(IF(N(P4)=0,"",N(Q4)/P4),"")
C5: B far row | D5: 10-20 | E5: None | F5: Medium | G5: PHONE_MIC | O5: =IFERROR(IF(N(K5)=0,"",(N(K5)+N(L5)+N(M5))/K5),"") | R5: =IFERROR(IF(N(P5)=0,"",N(Q5)/P5),"")
C6: C background noise | D6: 5-10 | E6: Recorded hall noise | F6: Medium | G6: CLEAN_FEED | O6: =IFERROR(IF(N(K6)=0,"",(N(K6)+N(L6)+N(M6))/K6),"") | R6: =IFERROR(IF(N(P6)=0,"",N(Q6)/P6),"")
C7: C background noise | D7: 5-10 | E7: Recorded hall noise | F7: Medium | G7: PHONE_MIC | O7: =IFERROR(IF(N(K7)=0,"",(N(K7)+N(L7)+N(M7))/K7),"") | R7: =IFERROR(IF(N(P7)=0,"",N(Q7)/P7),"")
C8: D reverberation | D8: 5-10 | E8: None | F8: High | G8: CLEAN_FEED | O8: =IFERROR(IF(N(K8)=0,"",(N(K8)+N(L8)+N(M8))/K8),"") | R8: =IFERROR(IF(N(P8)=0,"",N(Q8)/P8),"")
C9: D reverberation | D9: 5-10 | E9: None | F9: High | G9: PHONE_MIC | O9: =IFERROR(IF(N(K9)=0,"",(N(K9)+N(L9)+N(M9))/K9),"") | R9: =IFERROR(IF(N(P9)=0,"",N(Q9)/P9),"")
C10: E noise + distance | D10: 10-20 | E10: Recorded hall noise | F10: High | G10: CLEAN_FEED | O10: =IFERROR(IF(N(K10)=0,"",(N(K10)+N(L10)+N(M10))/K10),"") | R10: =IFERROR(IF(N(P10)=0,"",N(Q10)/P10),"")
C11: E noise + distance | D11: 10-20 | E11: Recorded hall noise | F11: High | G11: PHONE_MIC | O11: =IFERROR(IF(N(K11)=0,"",(N(K11)+N(L11)+N(M11))/K11),"") | R11: =IFERROR(IF(N(P11)=0,"",N(Q11)/P11),"")
A13: E05 — условия и справочные данные
A14: Условия | C14: A quiet/near; B far row; C background noise; D reverberation; E noise+distance
A15: Каналы | C15: CLEAN_FEED; PHONE_MIC
A16: ASR модели | C16: T-one (RECOMMENDED, не установлена); GigaAM-v3 RNNT (batch reference); faster-whisper; Vosk
A17: WER формула | C17: (S + D + I) / N; пусто при N = 0
A18: CER формула | C18: Character Errors / Reference Characters; пусто при 0
A19: Статус | C19: Все измерения = NOT MEASURED; заполняется после эксперимента

Sheet 06_Риски
A1: Risk ID | B1: Category | C1: Risk | D1: Evidence | E1: Probability | F1: Impact | G1: Priority | H1: Mitigation | I1: Trigger | J1: Owner | K1: Status | L1: Source
A2: R-01 | B2: Novelty | C2: Roger NeckLoop уже реализует clean-feed → STT (prior art) | D2: Phonak STT guide V1.00/2021-04; product FAQ | E2: HIGH | F2: HIGH | G2: =IF(OR(E2="HIGH",F2="HIGH"),"CRITICAL",IF(OR(E2="MEDIUM",F2="MEDIUM"),"MEDIUM","LOW")) | H2: Не заявлять clean-feed как новизну; сместить отличие в системный слой | I2: Попытка позиционировать clean-feed как новизну | J2: Никитин Даниил Константинович | K2: OPEN | L2: AR-01
A3: R-02 | B3: Novelty | C3: Bridge-T — известный класс устройств | D3: Roger MyLink/NeckLoop, Auri RX1, Bettear RTX, AuraCoil | E3: HIGH | F3: HIGH | G3: =IF(OR(E3="HIGH",F3="HIGH"),"CRITICAL",IF(OR(E3="MEDIUM",F3="MEDIUM"),"MEDIUM","LOW")) | H3: Исследовать только конкретные технические отличия | I3: Патентная заявка на класс | J3: Никитин Даниил Константинович | K3: OPEN | L3: AR-02
A4: R-03 | B4: Competition | C4: Bettear/HearAura уже соединяют аудио и текст | D4: vendor sites; COMPETITOR_MATRIX | E4: MEDIUM | F4: HIGH | G4: =IF(OR(E4="HIGH",F4="HIGH"),"CRITICAL",IF(OR(E4="MEDIUM",F4="MEDIUM"),"MEDIUM","LOW")) | H4: Дифференциация: сессия, общий таймлайн, missed speech | I4: Конкурент выпускает аналог | J4: Никитин Даниил Константинович | K4: OPEN | L4: AR-08
A5: R-04 | B5: Novelty | C5: Missed Speech имеет предшественников | D5: US20090076804 (Bionica, 2007); Apple TV/Roku | E5: MEDIUM | F5: MEDIUM | G5: =IF(OR(E5="HIGH",F5="HIGH"),"CRITICAL",IF(OR(E5="MEDIUM",F5="MEDIUM"),"MEDIUM","LOW")) | H5: Позиционировать как UX-дифференциатор, не патент | I5: Патентная заявка на механику | J5: Никитин Даниил Константинович | K5: OPEN | L5: AR-09
A6: R-05 | B6: Legal | C6: Неполный патентный поиск | D6: Google Patents частично недоступен; 18-мес. лаг; Espacenet/USPTO недоступны | E6: HIGH | F6: HIGH | G6: =IF(OR(E6="HIGH",F6="HIGH"),"CRITICAL",IF(OR(E6="MEDIUM",F6="MEDIUM"),"MEDIUM","LOW")) | H6: Профессиональный поиск (GATE 7) до любых заявлений | I6: Подача заявки без поиска | J6: Никитин Даниил Константинович | K6: OPEN | L6: RED TEAM RT-07
A7: R-06 | B7: Market | C7: Малый установленный парк Auracast-устройств СА/КИ | D7: DEVICE_COMPATIBILITY_MATRIX; Phonak: «very few hearing devices support Auracast» | E7: HIGH | F7: HIGH | G7: =IF(OR(E7="HIGH",F7="HIGH"),"CRITICAL",IF(OR(E7="MEDIUM",F7="MEDIUM"),"MEDIUM","LOW")) | H7: Bridge-T для T/MT; text-only путь | I7: Массовое развёртывание без совместимости | J7: Никитин Даниил Константинович | K7: OPEN | L7: AR-03
A8: R-07 | B8: Technical | C8: Фрагментация совместимости Auracast | D8: DEVICE_COMPATIBILITY_MATRIX; vendor statements | E8: MEDIUM | F8: HIGH | G8: =IF(OR(E8="HIGH",F8="HIGH"),"CRITICAL",IF(OR(E8="MEDIUM",F8="MEDIUM"),"MEDIUM","LOW")) | H8: Матрица совместимости; тесты E02/E04 | I8: Несовместимость на пилоте | J8: Никитин Даниил Константинович | K8: OPEN | L8: AR-05
A9: R-08 | B9: Methodology | C9: Смешение TARGET и RESULT | D9: LATENCY_DEEP_DIVE; legacy «≤300 мс» | E9: MEDIUM | F9: MEDIUM | G9: =IF(OR(E9="HIGH",F9="HIGH"),"CRITICAL",IF(OR(E9="MEDIUM",F9="MEDIUM"),"MEDIUM","LOW")) | H9: Явные маркеры TARGET/ACCEPTANCE; NOT MEASURED в отчётах | I9: Публикация целевых значений как результатов | J9: Никитин Даниил Константинович | K9: OPEN | L9: AR-06
A10: R-09 | B10: Technical | C10: Нет собственных аппаратных измерений | D10: EXPERIMENT_READINESS_GATE6: E01/E03/E04/E07 не выполнены | E10: HIGH | F10: MEDIUM | G10: =IF(OR(E10="HIGH",F10="HIGH"),"CRITICAL",IF(OR(E10="MEDIUM",F10="MEDIUM"),"MEDIUM","LOW")) | H10: Провести E01/E03/E04/E07 после закупки стенда | I10: Заявления без измерений | J10: Никитин Даниил Константинович | K10: OPEN | L10: PROJECT_STATE
A11: R-10 | B11: Dependency | C11: Зависимость от совместимого приёмного оборудования | D11: DEVICE_COMPATIBILITY_MATRIX; special receiver required | E11: MEDIUM | F11: HIGH | G11: =IF(OR(E11="HIGH",F11="HIGH"),"CRITICAL",IF(OR(E11="MEDIUM",F11="MEDIUM"),"MEDIUM","LOW")) | H11: Прямой Auracast + Bridge-T + text-only; заёмные приёмники для пилота | I11: Отсутствие устройств у участников | J11: Никитин Даниил Константинович | K11: OPEN | L11: AR-14
A12: R-11 | B12: Privacy | C12: Обработка речи и персональных данных | D12: PRIVACY_REQUIREMENTS | E12: MEDIUM | F12: HIGH | G12: =IF(OR(E12="HIGH",F12="HIGH"),"CRITICAL",IF(OR(E12="MEDIUM",F12="MEDIUM"),"MEDIUM","LOW")) | H12: privacy-by-default; без хранения аудио; политика ретенции | I12: Пилот без процедуры согласия | J12: Никитин Даниил Константинович | K12: OPEN | L12: PRIVACY_REQUIREMENTS
A13: R-12 | B13: Operational | C13: Hardware не закуплен, сроки поставки | D13: PURCHASE_DECISION; availability notes | E13: MEDIUM | F13: MEDIUM | G13: =IF(OR(E13="HIGH",F13="HIGH"),"CRITICAL",IF(OR(E13="MEDIUM",F13="MEDIUM"),"MEDIUM","LOW")) | H13: Закупка по решению руководителя; low-cost альтернатива | I13: Задержка поставки | J13: Никитин Даниил Константинович | K13: OPEN | L13: PURCHASE_DECISION

Sheet 07_Roadmap
A1: Stage | B1: Task | C1: Status | D1: Prerequisite | E1: Deliverable | F1: Start | G1: Finish | H1: Evidence | I1: Notes
A2: DONE | B2: Source audit | C2: DONE | D2: — | E2: SOURCE_INVENTORY; source_register | F2: — | G2: — | H2: 01_sources/
A3: DONE | B3: Standards & Auracast research | C3: DONE | D3: Source audit | E3: AURACAST_TECHNICAL_MAP; PROFILE_REQUIREMENTS | F3: — | G3: — | H3: 02_research/
A4: DONE | B4: Competitor analysis | C4: DONE | D4: Research | E4: COMPETITOR_MATRIX; SONET/Roger cards | F4: — | G4: — | H4: 08_competitor_analysis/
A5: DONE | B5: Software MVP (Route+) | C5: DONE | D5: Architecture | E5: APP_MVP_SPEC; working MVP | F5: — | G5: — | H5: 06_application/ | I5: 19+4 теста; demo mode
A6: DONE | B6: Final presentation | C6: DONE | D6: Research | E6: FINAL.pptx / FINAL.pdf | F6: — | G6: — | H6: 11_presentations/final/
A7: DONE | B7: Final article | C7: DONE | D7: Research | E7: FINAL.docx / FINAL.pdf | F7: — | G7: — | H7: 12_reports/article/ | I7: 2 страницы
A8: CURRENT | B8: Engineering workbook (this package) | C8: CURRENT | D8: Research | E8: Инженерный пакет FINAL.xlsx | F8: — | G8: — | H8: 12_reports/excel/
A9: NEXT | B9: Hardware purchase | C9: NEXT | D9: Workbook + lead decision | E9: Закупленный стенд | H9: PURCHASE_DECISION.md | I9: Не закуплено
A10: NEXT | B10: E05 Local ASR integration | C10: NEXT | D10: PC + ASR software | E10: ASR_COMPARISON results | H10: LOCAL_ASR_INTEGRATION_PLAN.md | I10: Веса не скачаны
A11: NEXT | B11: E01 latency | C11: NEXT | D11: Research stand | E11: e01_latency.csv + отчёт | H11: LATENCY_TEST_PROTOCOL.md
A12: NEXT | B12: E03 stability | C12: NEXT | D12: Research stand | E12: e03_stability.csv | H12: EXPERIMENT_READINESS_GATE6.md
A13: NEXT | B13: E04 LC3 configurations | C13: NEXT | D13: Research stand | E13: e04_lc3.csv | H13: EXPERIMENT_READINESS_GATE6.md
A14: NEXT | B14: E07 Bridge-T | C14: NEXT | D14: Auracast sink + neckloop + HA/CI | E14: e07_bridge.csv | H14: BRIDGE_T_MVP_SPEC.md
A15: FUTURE | B15: Patent search (professional) | C15: FUTURE | D15: Differentiation ready | E15: Patent search report | H15: PRIOR_ART.md | I15: GATE 7
A16: FUTURE | B16: Pilot classroom | C16: FUTURE | D16: Experiments E05/E01/E03 passing | E16: Pilot report | H16: ROADMAP.md
A17: FUTURE | B17: Optional RID | C17: FUTURE | D17: Patent search + MVP | E17: RID materials | H17: 09_novelty_rid/ | I17: Только после поиска

Sheet 08_Источники
A1: Source ID | B1: Title | C1: Organisation / Author | D1: Year | E1: Type | F1: PRIMARY? | G1: PEER-REVIEWED? | H1: SECONDARY? | I1: URL / File | J1: Access Date | K1: Claims Supported | L1: Used In | M1: Current? | N1: Notes
A2: SRC-SIG-PBP | B2: Public Broadcast Profile 1.0.1 | C2: Bluetooth SIG | D2: 2023 | E2: Specification | F2: YES | G2: NO | H2: NO | I2: https://www.bluetooth.com/specifications/specs/public-broadcast-profile/ | J2: 2026-09-26 | K2: Auracast, роли PBS/PBK/PBA, SQ/HQ | L2: Article; AURACAST_TECHNICAL_MAP | M2: YES
A3: SRC-SIG-BAP | B3: Basic Audio Profile 1.0.1 | C3: Bluetooth SIG | D3: 2023 | E3: Specification | F3: YES | G3: NO | H3: NO | I3: https://www.bluetooth.com/specifications/specs/basic-audio-profile-1-0-1/ | J3: 2026-09-26 | K3: Роли BAP; конфигурации 16/24/48 кГц; QoS; PD | L3: Article; LC3_CONFIGURATION_MATRIX | M3: YES
A4: SRC-SIG-BASS | B4: Broadcast Audio Scan Service 1.0 | C4: Bluetooth SIG | D4: 2022 | E4: Specification | F4: YES | G4: NO | H4: NO | I4: https://www.bluetooth.com/specifications/specs/broadcast-audio-scan-service/ | J4: 2026-09-26 | K4: Обязательность BASS на приёмнике | L4: AURACAST_TECHNICAL_MAP | M4: YES | N4: В статью не вошёл (лимит 2 стр.)
A5: SRC-PHONAK | B5: Roger NeckLoop: USB audio and speech-to-text (incl. STT guide V1.00/2021-04) | C5: Sonova / Phonak | D5: 2021 | E5: Vendor documentation | F5: YES | G5: NO | H5: NO | I5: https://www.phonak.com/en-us/hearing-devices/microphones/roger-neckloop | J5: 2026-09-26 | K5: USB→STT prior art; T-coil; задержка <20 мс | L5: Article; PHONAK_ROGER | M5: YES | N5: CRITICAL PRIOR ART
A6: SRC-SONET | B6: Радиокласс «СОНЕТ 2.0» | C6: Исток-Аудио | D6: 2026 | E6: Vendor documentation (official catalog) | F6: YES | G6: NO | H6: NO | I6: https://www.istok-audio.com/catalog/product/radioklass_sonet_2_0/ | J6: 2026-09-26 | K6: СОНЕТ 2.0: характеристики, T/TM, группы | L6: Article; SONET_2_0 | M6: YES | N6: Vendor-run tests без peer review
A7: SRC-ANDROID | B7: Bluetooth LE Audio | C7: Android Developers / Google | D7: 2026 | E7: Platform documentation | F7: YES | G7: NO | H7: NO | I7: https://developer.android.com/develop/connectivity/bluetooth/ble-audio/overview | J7: 2026-09-26 | K7: Ограничения API для сторонних приложений | L7: Article; MOBILE_AURACAST_SUPPORT | M7: YES
A8: SRC-BRADLEY | B8: The intelligibility of speech in elementary school classrooms | C8: Bradley J.S., Sato H. | D8: 2008 | E8: Peer-reviewed research | F8: NO | G8: YES | H8: NO | I8: DOI: 10.1121/1.2839285 | J8: 2026-09-26 | K8: Акустика класса; +15 дБ SNR | L8: Article; CLEAN_FEED_ASR_RESEARCH | M8: YES | N8: JASA 123(4):2078–2086
A9: SRC-UQ | B9: UQ creates change for accessibility students | C9: University of Queensland | D9: 2026 | E9: University official news | F9: YES | G9: NO | H9: NO | I9: https://news.uq.edu.au/2026-03-uq-creates-change-accessibility-students | J9: 2026-09-26 | K9: Auracast в 65 аудиториях; ограничение iPhone-assistant | L9: Article; REAL_WORLD_DEPLOYMENTS | M9: YES | N9: PRIMARY для собственного внедрения
A10: SRC-AURI | B10: Auri ALS; кейсы Oxford/UAL | C10: Ampetronic / Listen Technologies | D10: 2025 | E10: Vendor documentation + case studies | F10: YES | G10: NO | H10: PARTIAL | I10: https://www.auriaudio.com/ | J10: 2026-09-26 | K10: Реальные внедрения Auracast ALS | L10: REAL_WORLD_DEPLOYMENTS; COMPETITOR_MATRIX | M10: YES | N10: Vendor + press для Oxford
A11: SRC-BETTEAR | B11: Bettear: education и RTX USB feed | C11: Bettear | D11: 2026 | E11: Vendor documentation | F11: YES | G11: NO | H11: NO | I11: https://bettear.com/ | J11: 2026-09-26 | K11: Auracast + venue captions + RTX STT feed | L11: COMPETITOR_MATRIX | M11: YES
A12: SRC-HEARAURA | B12: HearAura — Auracast assistant + captions | C12: HearAura (indie) | D12: 2026 | E12: Product site | F12: YES | G12: NO | H12: NO | I12: https://hearaura.app/ | J12: 2026-09-26 | K12: Auracast + captions; «Catch me up» | L12: ASSISTIVE_APP_LANDSCAPE | M12: YES
A13: SRC-AVA | B13: Ava live captions | C13: Ava | D13: 2026 | E13: Product site | F13: YES | G13: NO | H13: NO | I13: https://www.ava.me/ | J13: 2026-09-26 | K13: Функции live captions/notes | L13: ASSISTIVE_APP_LANDSCAPE | M13: YES
A14: SRC-GOOGLE | B14: Google Live Transcribe / Live Caption | C14: Google | D14: 2026 | E14: Official product docs | F14: YES | G14: NO | H14: NO | I14: https://support.google.com/accessibility/android/answer/9158064 | J14: 2026-09-26 | K14: Captions/hold/scrollback | L14: ASSISTIVE_APP_LANDSCAPE | M14: YES
A15: SRC-NORDIC | B15: nRF5340 Audio DK | C15: Nordic Semiconductor | D15: 2026 | E15: Vendor documentation | F15: YES | G15: NO | H15: NO | I15: https://www.nordicsemi.com/Products/Development-hardware/nRF5340-Audio-DK | J15: 2026-09-26 | K15: Характеристики devkit | L15: DEVKIT_COMPARISON; PURCHASE_DECISION | M15: YES
A16: SRC-INTERNAL | B16: Проектные документы (MVP, архитектура, эксперименты, статья, презентация) | C16: Никитин Даниил Константинович | D16: 2026 | E16: Internal project evidence | F16: YES | G16: NO | H16: NO | I16: PROJECT_STATE.md | J16: 2026-09-26 | K16: Реализация Route+; архитектура; протоколы | L16: PROJECT_STATE; MASTER_REPORT | M16: YES | N16: AUTHOR_COUNT = 1
A17: SRC-LEGACY | B17: Исторические материалы проекта (S001–S011) | C17: автор проекта | D17: 2024–2026 | E17: Internal legacy/current sources | F17: NO | G17: NO | H17: YES | I17: 01_sources/ | J17: 2026-09-26 | K17: Историческое развитие проекта | L17: SOURCE_INVENTORY | M17: LEGACY | N17: Не source of truth

Sheet 09_Решения
A1: Decision ID | B1: Date | C1: Decision | D1: Reason | E1: Alternatives | F1: Evidence | G1: Status | H1: Impact | I1: Source
A2: D-003 | B2: 2026-09-26 | C2: Не заявлять мировую новизну | D2: Нет патентного поиска | E2: Заявлять новизну | F2: DIFFERENTIATION_STATEMENT | G2: ACCEPTED | H2: Высокое | I2: DECISIONS.md
A3: D-015 | B3: 2026-09-26 | C3: Route+ вне аудио-цепочки Auracast | D3: Ограничения API мобильных ОС | E3: Собственный Auracast stack | F3: MOBILE_AURACAST_SUPPORT | G3: ACCEPTED | H3: Высокое | I3: DECISIONS.md
A4: D-012 | B4: 2026-09-26 | C4: ASR питается от PCM до LC3 | D4: Независимость от кодека; качество ASR | E4: Декодированный LC3 поток | F4: SYSTEM_ARCHITECTURE | G4: ACCEPTED | H4: Высокое | I4: DECISIONS.md
A5: D-013 | B5: 2026-09-26 | C5: 24_2_1 — engineering baseline | D5: SIG-рекомендация HA-HQ | E5: 16_2_1; 48 кГц | F5: LC3_CONFIGURATION_MATRIX | G5: ACCEPTED | H5: Среднее | I5: DECISIONS.md
A6: D-014 | B6: 2026-09-26 | C6: Latency ≤60 мс target; ≤100 acceptable | D6: Эхо при смешении с живым звуком | E6: ≤300 мс (отклонено) | F6: LATENCY_DEEP_DIVE | G6: ACCEPTED | H6: Высокое | I6: DECISIONS.md
A7: D-022 | B7: 2026-09-26 | C7: Bridge-T не заявлен новизной (KNOWN_CLASS) | D7: Roger MyLink/NeckLoop, Auri, Bettear, AuraCoil | E7: Заявлять класс как новизну | F7: AURACAST_TELECOIL_PRIOR_ART | G7: ACCEPTED | H7: Высокое | I7: DECISIONS.md
A8: D-021 | B8: 2026-09-26 | C8: Clean-feed STT не является новизной | D8: Roger NeckLoop USB→STT (2021) | E8: Заявлять clean-feed как новизну | F8: PHONAK_ROGER | G8: ACCEPTED | H8: Высокое | I8: DECISIONS.md
A9: D-020 | B9: 2026-09-26 | C9: AUTHOR_COUNT = 1 (Никитин Д.К.) | D9: Единоличное авторство концепции | E9: Коллективное авторство | F9: AUTHORSHIP_POLICY | G9: ACCEPTED | H9: Среднее | I9: DECISIONS.md
A10: D-024 | B10: 2026-09-26 | C10: nRF5340 Audio DK ×2 — research stand | D10: Полный контроль LC3/QoS | E10: FMA120 + AuraClip | F10: PURCHASE_DECISION | G10: ACCEPTED | H10: Среднее | I10: DECISIONS.md
A11: D-019 | B11: 2026-09-26 | C11: Никаких фиктивных функций Auracast/AI | D11: Честность демонстрации | E11: Показать неработающие кнопки | F11: APP_MVP_SPEC | G11: ACCEPTED | H11: Среднее | I11: DECISIONS.md

Sheet 10_Справочники
A1: List | B1: Values
A2: YN | B2: YES,NO,PARTIAL,UNKNOWN,PROPOSED
A3: Statuses | B3: DONE,CURRENT,NEXT,FUTURE
A4: Levels | B4: LOW,MEDIUM,HIGH
A5: Experiment status | B5: NOT MEASURED,PLANNED,READY,READY-ON-HW,COMPLETED
A6: Currencies | B6: USD,RUB,EUR
A7: Price status | B7: SOURCE PRICE,ESTIMATE,NEEDS QUOTE,NOT PURCHASED
A8: Role | B8: IMPLEMENTED_MVP,PROPOSED,RESEARCH,UNKNOWN
A9: Conditions | B9: A quiet / near,B far row,C background noise,D reverberation,E noise + distance
A10: Channels | B10: CLEAN_FEED,PHONE_MIC
A11: ASR models | B11: T-one,GigaAM-v3 RNNT,faster-whisper,Vosk
