Workbook

Sheet 00_Дашборд
A1: Точка звука / Инклюзивный маршрут+ — инженерный пакет
A2: Автор | B2: Никитин Даниил Константинович
A3: AUTHOR_COUNT | B3: 1
A4: CURRENT GATE | B4: 6B-3
A6: Статусы
A7: Software MVP | B7: IMPLEMENTED
A8: Real ASR | B8: PLANNED
A9: Auracast hardware | B9: NOT PURCHASED
A10: Bridge-T hardware | B10: PLANNED / RESEARCH
A11: Experimental measurements | B11: NOT MEASURED
A12: Article | B12: FINAL
A13: Presentation | B13: FINAL / CURRENT
A15: Сводка
A16: Аналогов | B16: =COUNTA('01_Аналоги'!B2:B1000) -> 10
A17: BOM-позиций | B17: =COUNTA('02_BOM'!A2:A1000) -> 12
A18: Экспериментов | B18: =COUNTA('04_Эксперименты'!A2:A1000) -> 5
A19: HIGH risks | B19: =COUNTIF('06_Риски'!G2:G1000,"HIGH") -> 9
A20: Actual measurements | B20: =COUNTIF('04_Эксперименты'!S2:S1000,"MEASURED") -> 0
A22: NEXT | B22: Hardware stand + Local ASR + E01/E03/E04/E05/E07

Sheet 01_Аналоги
A1: ID | B1: Решение | C1: Производитель | D1: Статус | E1: Целевые пользователи | F1: Образование | G1: Микрофон преподавателя | H1: Беспроводная технология | I1: FM | J1: Проприетарный цифровой | K1: Auracast | L1: Спец. приёмник | M1: Массовые Auracast-устройства | N1: Прямой путь в СА/КИ | O1: T-coil | P1: Neckloop | Q1: Clean audio output | R1: USB audio output | S1: Speech-to-text | T1: Same-source STT | U1: Live captions | V1: Timestamped transcript | W1: Missed Speech | X1: Заметки | Y1: Перевод | Z1: AI summary | AA1: Confidence handling | AB1: Accessibility profile | AC1: Аудио без Интернета | AD1: Текст без Интернета | AE1: Нужен спец. приёмник | AF1: Сильная сторона | AG1: Ограничение | AH1: Source ID | AI1: Качество доказательств | AJ1: Примечание
A2: A01 | B2: СОНЕТ 2.0 | C2: Исток-Аудио | D2: CURRENT | E2: Пользователи СА/КИ, учащиеся | F2: YES | G2: YES | H2: UHF FM | I2: YES | J2: NO | K2: NO | L2: YES | M2: NO | N2: PARTIAL | O2: YES | P2: YES | Q2: PARTIAL | R2: NO | S2: NO | T2: NO | U2: NO | V2: NO | W2: NO | X2: NO | Y2: NO | Z2: NO | AA2: NO | AB2: NO | AC2: YES | AD2: NO | AE2: YES | AF2: Образовательный remote-mic сценарий; обход шума и расстояния | AG2: Закрытый канал и спец. приёмник; нет цифрового текстового слоя | AH2: SRC05 | AI2: HIGH | AJ2: Аудио-половина близка к задаче проекта
A3: A02 | B3: Phonak Roger ecosystem | C3: Phonak | D3: CURRENT | E3: Пользователи СА/КИ, учащиеся | F3: YES | G3: YES | H3: Roger 2.4 GHz | I3: NO | J3: YES | K3: NO | L3: YES | M3: NO | N3: YES | O3: PARTIAL | P3: PARTIAL | Q3: YES | R3: PARTIAL | S3: PARTIAL | T3: PARTIAL | U3: PARTIAL | V3: PARTIAL | W3: NO | X3: NO | Y3: NO | Z3: NO | AA3: NO | AB3: NO | AC3: YES | AD3: PARTIAL | AE3: YES | AF3: Сильная экосистема удалённых микрофонов и приёмников | AG3: Проприетарная экосистема | AH3: SRC03 | AI3: HIGH | AJ3: STT зависит от конфигурации, особенно NeckLoop
A4: A03 | B4: Roger NeckLoop | C4: Phonak | D4: CURRENT | E4: Пользователи устройств с T-coil | F4: YES | G4: YES | H4: Roger 2.4 GHz | I4: NO | J4: YES | K4: NO | L4: YES | M4: NO | N4: PARTIAL | O4: YES | P4: YES | Q4: YES | R4: YES | S4: PARTIAL | T4: YES | U4: PARTIAL | V4: PARTIAL | W4: NO | X4: NO | Y4: NO | Z4: NO | AA4: NO | AB4: NO | AC4: YES | AD4: PARTIAL | AE4: YES | AF4: T-coil + USB audio interface; чистый микрофонный фид | AG4: Для текста требуется стороннее STT-приложение | AH4: SRC04 | AI4: HIGH | AJ4: Критический prior art для clean-feed → STT
A5: A04 | B5: Roger MyLink | C5: Phonak | D5: LEGACY | E5: Пользователи устройств с T-coil | F5: YES | G5: YES | H5: Roger | I5: NO | J5: YES | K5: NO | L5: YES | M5: NO | N5: PARTIAL | O5: YES | P5: YES | Q5: PARTIAL | R5: NO | S5: NO | T5: NO | U5: NO | V5: NO | W5: NO | X5: NO | Y5: NO | Z5: NO | AA5: NO | AB5: NO | AC5: YES | AD5: NO | AE5: YES | AF5: Универсальный T-coil neckloop-приёмник | AG5: Legacy/EOL; без USB audio | AH5: SRC03 | AI5: MEDIUM | AJ5: Предшествующий аналог класса Bridge-T
A6: A05 | B6: Auri | C6: Listen Technologies / Ampetronic | D6: CURRENT | E6: Посетители площадок, пользователи СА/КИ | F6: YES | G6: PARTIAL | H6: Auracast / LE Audio | I6: NO | J6: NO | K6: YES | L6: YES | M6: YES | N6: PARTIAL | O6: PARTIAL | P6: YES | Q6: PARTIAL | R6: UNKNOWN | S6: UNKNOWN | T6: UNKNOWN | U6: UNKNOWN | V6: UNKNOWN | W6: UNKNOWN | X6: UNKNOWN | Y6: UNKNOWN | Z6: UNKNOWN | AA6: UNKNOWN | AB6: UNKNOWN | AC6: YES | AD6: UNKNOWN | AE6: PARTIAL | AF6: Auracast ALS для площадок | AG6: Цифровой текстовый слой не является ядром | AH6: SRC10 | AI6: MEDIUM | AJ6: Проверять конкретную конфигурацию площадки
A7: A06 | B7: Bettear | C7: Bettear | D7: CURRENT | E7: Посетители площадок, слабослышащие | F7: YES | G7: PARTIAL | H7: Auracast / venue accessibility | I7: NO | J7: PARTIAL | K7: YES | L7: YES | M7: YES | N7: PARTIAL | O7: PARTIAL | P7: YES | Q7: YES | R7: PARTIAL | S7: YES | T7: PARTIAL | U7: YES | V7: PARTIAL | W7: UNKNOWN | X7: UNKNOWN | Y7: PARTIAL | Z7: UNKNOWN | AA7: UNKNOWN | AB7: PARTIAL | AC7: YES | AD7: PARTIAL | AE7: PARTIAL | AF7: Аудио + элементы текстовой доступности | AG7: Нужно уточнять функции конкретного продукта/развёртывания | AH7: SRC11 | AI7: MEDIUM | AJ7: Близкий класс гибридных решений
A8: A07 | B8: HearAura | C8: — | D8: CURRENT/VERIFY | E8: Пользователи с потребностью в captions | F8: PARTIAL | G8: UNKNOWN | H8: Auracast + app, по отчёту | I8: NO | J8: UNKNOWN | K8: PARTIAL | L8: UNKNOWN | M8: PARTIAL | N8: UNKNOWN | O8: UNKNOWN | P8: UNKNOWN | Q8: UNKNOWN | R8: UNKNOWN | S8: YES | T8: UNKNOWN | U8: YES | V8: PARTIAL | W8: UNKNOWN | X8: UNKNOWN | Y8: UNKNOWN | Z8: UNKNOWN | AA8: UNKNOWN | AB8: UNKNOWN | AC8: UNKNOWN | AD8: PARTIAL | AE8: UNKNOWN | AF8: Связка беспроводного аудио и captions | AG8: Требует дополнительной первичной проверки | AH8: SRC12 | AI8: LOW | AJ8: Не использовать сильные утверждения без перепроверки
A9: A08 | B9: Ava | C9: Ava | D9: CURRENT | E9: Пользователи, которым нужны субтитры | F9: YES | G9: NO | H9: Mobile / cloud app | I9: NO | J9: NO | K9: NO | L9: NO | M9: NO | N9: NO | O9: NO | P9: NO | Q9: NO | R9: PARTIAL | S9: YES | T9: NO | U9: YES | V9: PARTIAL | W9: NO | X9: PARTIAL | Y9: PARTIAL | Z9: PARTIAL | AA9: PARTIAL | AB9: YES | AC9: NO | AD9: PARTIAL | AE9: NO | AF9: Сильный captioning UX | AG9: Нет персонального Auracast-аудиотракта | AH9: SRC13 | AI9: MEDIUM | AJ9: Текстовый конкурент, не ALS
A10: A09 | B10: Google Live Transcribe | C10: Google | D10: CURRENT | E10: Пользователи Android, нуждающиеся в субтитрах | F10: YES | G10: NO | H10: Android app | I10: NO | J10: NO | K10: NO | L10: NO | M10: NO | N10: NO | O10: NO | P10: NO | Q10: NO | R10: NO | S10: YES | T10: NO | U10: YES | V10: PARTIAL | W10: NO | X10: NO | Y10: NO | Z10: PARTIAL | AA10: NO | AB10: PARTIAL | AC10: YES | AD10: NO | AE10: PARTIAL | AF10: NO | AG10: Доступный мобильный STT | AH10: Нет персонального аудиоканала от преподавателя | AI10: SRC06 | AJ10: HIGH | AK10: Официальная Android-документация
A11: A10 | B11: Точка звука / Route+ | C11: Никитин Д.К. | D11: PROPOSED/MVP | E11: СА/КИ + широкая аудитория | F11: YES | G11: PROPOSED | H11: Auracast + data layer | I11: NO | J11: NO | K11: PROPOSED | L11: PROPOSED | M11: PROPOSED | N11: PROPOSED | O11: PROPOSED | P11: PROPOSED | Q11: PROPOSED | R11: PROPOSED | S11: PROPOSED | T11: PROPOSED | U11: IMPLEMENTED_MVP | V11: IMPLEMENTED_MVP | W11: IMPLEMENTED_MVP | X11: IMPLEMENTED_MVP | Y11: IMPLEMENTED_MVP | Z11: FUTURE | AA11: FUTURE | AB11: RESEARCH | AC11: IMPLEMENTED_MVP | AD11: PROPOSED | AE11: PLANNED | AF11: PARTIAL | AG11: Единая образовательная сессия: звук + синхронный текст + recovery UX | AH11: Hardware и реальный ASR ещё не измерены/не внедрены | AI11: SRC00 | AJ11: INTERNAL | AK11: Не выдавать proposed за серийный продукт

Sheet 02_BOM
A1: Item ID | B1: Подсистема | C1: Позиция | D1: Производитель | E1: Модель | F1: Назначение | G1: Обяз./Опц. | H1: Кол-во | I1: Ед. | J1: Unit Price | K1: Валюта | L1: Estimated Total | M1: Price Status | N1: Price Date | O1: Source | P1: Purchased? | Q1: Existing? | R1: Experiment IDs | S1: Примечание
A2: B01 | B2: RESEARCH STAND | C2: Auracast development kit | D2: Nordic Semiconductor | E2: nRF5340 Audio DK | F2: Source + Sink; контроль LC3/QoS/firmware | G2: REQUIRED | H2: 2 | I2: шт. | K2: USD | L2: 345 | M2: ESTIMATE_BUNDLE | O2: PURCHASE_DECISION | P2: NO | Q2: NO | R2: E01,E03,E04,E07 | S2: Отчёт Gate 6A: ориентир за 2 шт.; перед закупкой обновить цену
A3: B02 | B3: RESEARCH STAND | C3: Микрофон / clean audio source | E3: TBD | F3: Чистый фид преподавателя | G3: REQUIRED | H3: 1 | I3: компл. | M3: NEEDS_QUOTE | O3: EXPERIMENT_READINESS | P3: NO | Q3: UNKNOWN | R3: E01,E05 | S3: Выбрать после схемы стенда
A4: B03 | B4: RESEARCH STAND | C4: 3.5 mm cables / adapters | E4: TBD | F4: Аудиосоединения стенда | G4: REQUIRED | H4: 1 | I4: компл. | M4: NEEDS_QUOTE | O4: EXPERIMENT_READINESS | P4: NO | Q4: UNKNOWN | R4: E01,E04,E07
A5: B04 | B5: RESEARCH STAND | C5: USB cables | E5: TBD | F5: Питание / отладка devkit | G5: REQUIRED | H5: 2 | I5: шт. | M5: NEEDS_QUOTE | O5: PURCHASE_DECISION | P5: NO | Q5: UNKNOWN | R5: E01,E03,E04
A6: B05 | B6: ASR EXPERIMENT | C6: PC / laptop | E6: Existing | F6: Запуск Local ASR и Route+ | G6: REQUIRED | H6: 1 | I6: шт. | J6: 0 | L6: 0 | M6: EXISTING | O6: E05 protocol | P6: NO | Q6: YES | R6: E05 | S6: Не считать закупкой
A7: B06 | B7: MEASUREMENT | C7: Осциллограф или аудиоинтерфейс | E7: TBD | F7: Измерение end-to-end latency | G7: REQUIRED | H7: 1 | I7: шт. | M7: NEEDS_QUOTE | O7: E01 protocol | P7: NO | Q7: UNKNOWN | R7: E01 | S7: Можно использовать доступное лабораторное оборудование
A8: B07 | B8: LOW-COST DEMO | C8: Auracast source dongle | D8: FlooGoo | E8: FMA120 | F8: Быстрый демонстрационный source | G8: OPTIONAL | H8: 1 | I8: шт. | K8: USD | M8: ESTIMATE_RANGE | O8: PURCHASE_DECISION | P8: NO | Q8: NO | R8: DEMO | S8: В паре с AuraClip ориентир комплекта <150–250 USD по отчёту Gate 6A
A9: B08 | B9: LOW-COST DEMO | C9: Auracast receiver | D9: Avantree | E9: AuraClip | F9: Быстрый демонстрационный sink | G9: OPTIONAL | H9: 1 | I9: шт. | K9: USD | M9: ESTIMATE_RANGE | O9: PURCHASE_DECISION | P9: NO | Q9: NO | R9: DEMO | S9: Альтернатива research stand, не замена измерительному devkit
A10: B09 | B10: LOW-COST DEMO | C10: Auracast alternative | D10: MoerLink | E10: TBD | F10: Альтернативный demo-вариант | G10: OPTIONAL | H10: 1 | I10: шт. | M10: NEEDS_QUOTE | O10: PURCHASE_DECISION | P10: NO | Q10: NO | R10: DEMO | S10: Не покупать одновременно без необходимости
A11: B10 | B11: BRIDGE-T | C11: Neckloop / induction accessory | E11: NKL 001 / HearCoil | F11: E07: передача в T/MT | G11: REQUIRED | H11: 1 | I11: шт. | M11: NEEDS_QUOTE | O11: E07 protocol | P11: NO | Q11: NO | R11: E07 | S11: Точная модель TBD
A12: B11 | B12: BRIDGE-T | C12: СА/КИ с T/MT | E12: Existing / borrowed | F12: Проверка E07 | G12: REQUIRED | H12: 1 | I12: шт. | J12: 0 | L12: 0 | M12: ACCESS_REQUIRED | O12: E07 protocol | P12: NO | Q12: UNKNOWN | R12: E07 | S12: Не закупать без необходимости
A13: B12 | B13: ASR EXPERIMENT | C13: Смартфон | E13: Existing | F13: PHONE_MIC канал в E05 | G13: REQUIRED | H13: 1 | I13: шт. | J13: 0 | L13: 0 | M13: EXISTING | O13: E05 protocol | P13: NO | Q13: YES | R13: E05 | S13: Позиция студента

Sheet 03_Закупка
A1: Scenario | B1: Item ID | C1: Позиция | D1: Qty | E1: Валюта | F1: Cost | G1: Mandatory? | H1: Why | I1: Blocks experiment? | J1: Priority | K1: Source | L1: Status
A2: A_RESEARCH | B2: B01 | C2: 2× nRF5340 Audio DK | D2: 2 | E2: USD | F2: 345 | G2: YES | H2: Управляемый research stand | I2: YES | J2: HIGH | K2: PURCHASE_DECISION | L2: NOT PURCHASED
A3: A_RESEARCH | B3: B02 | C3: Микрофон / clean source | D3: 1 | G3: YES | H3: Нужен для чистого входа | I3: YES | J3: HIGH | K3: E01/E05 | L3: NEEDS QUOTE
A4: A_RESEARCH | B4: B06 | C4: Осциллограф / аудиоинтерфейс | D4: 1 | G4: YES | H4: Измерение latency | I4: YES | J4: HIGH | K4: E01 | L4: ACCESS/QUOTE
A5: B_DEMO | B5: B07 | C5: FlooGoo FMA120 | D5: 1 | E5: USD | G5: NO | H5: Быстрый Auracast demo | I5: NO | J5: MEDIUM | K5: PURCHASE_DECISION | L5: OPTIONAL
A6: B_DEMO | B6: B08 | C6: Avantree AuraClip | D6: 1 | E6: USD | G6: NO | H6: Быстрый sink для demo | I6: NO | J6: MEDIUM | K6: PURCHASE_DECISION | L6: OPTIONAL
A7: C_E05 | B7: B05 | C7: PC / laptop | D7: 1 | F7: 0 | G7: YES | H7: Local ASR + Route+ | I7: YES | J7: HIGH | K7: E05 | L7: EXISTING
A8: C_E05 | B8: B12 | C8: Смартфон | D8: 1 | F8: 0 | G8: YES | H8: PHONE_MIC сравнение | I8: YES | J8: HIGH | K8: E05 | L8: EXISTING
A10: Сводка
A11: Известная числовая сумма USD | E11: USD | F11: =SUMIF(E2:E8,"USD",F2:F8) -> 345
A12: Позиции NEEDS QUOTE / ACCESS | F12: =COUNTIF(L2:L8,"*QUOTE*")+COUNTIF(L2:L8,"*ACCESS*") -> 3

Sheet 04_Эксперименты
A1: Experiment ID | B1: Название | C1: Цель | D1: Статус | E1: Hardware Required | F1: Software Required | G1: Input | H1: Output | I1: Primary Metric | J1: Secondary Metrics | K1: Independent Variables | L1: Controlled Variables | M1: Repetitions | N1: Acceptance Criterion | O1: CSV File | P1: Responsible | Q1: Planned Date | R1: Actual Date | S1: Result Status | T1: Result | U1: Notes
A2: E01 | B2: End-to-end audio latency | C2: Измерить задержку тракта Source→Auracast→Sink | D2: READY-ON-HW | E2: 2×nRF5340 DK + measurement | F2: Measurement script | G2: Тестовый импульс/сигнал | H2: Временная разница | I2: Latency, ms | J2: jitter / repeatability | K2: LC3 config / path | L2: Одинаковый сигнал, стенд | M2: TBD | N2: TARGET ≤60 ms; acceptable ≤100 ms; >150 ms reject | O2: E01_latency.csv | P2: Никитин Даниил Константинович | S2: NOT MEASURED | U2: TARGET, не результат
A3: E03 | B3: Stability | C3: Оценить стабильность передачи | D3: READY-ON-HW | E3: Auracast source/sink | F3: Logging | G3: Непрерывный аудиопоток | H3: Лог стабильности | I3: Dropout / loss metric | J3: reconnects / duration | K3: distance / environment | L3: Конфигурация стенда | M3: TBD | N3: По протоколу EXPERIMENT_READINESS_GATE6 | O3: E03_stability.csv | P3: Никитин Даниил Константинович | S3: NOT MEASURED
A4: E04 | B4: LC3 configuration comparison | C4: Сравнить конфигурации LC3 | D4: READY-ON-HW | E4: 2×nRF5340 DK | F4: Firmware/config logging | G4: Один speech material | H4: Latency/quality/loss | I4: Latency + quality | J4: packet loss / bitrate | K4: LC3 configuration | L4: Speech material / stand | M4: TBD | N4: 24_2_1 = baseline, не winner | O4: E04_lc3.csv | P4: Никитин Даниил Константинович | S4: NOT MEASURED | U4: Baseline 24 kHz / 10 ms / 60 octets / 48 kbps
A5: E05 | B5: Clean-feed vs phone ASR | C5: Сравнить распознавание чистого фида и микрофона смартфона | D5: READY | E5: PC + smartphone + clean feed | F5: Local ASR + Route+ | G5: Один speech material в A–E | H5: Transcript events | I5: WER | J5: CER; caption latency; finalization latency | K5: Channel / condition / ASR model | L5: Speech material | M5: TBD | N5: Сравнение по WER/CER; без заранее заданного winner | O5: E05_asr.csv | P5: Никитин Даниил Константинович | S5: NOT MEASURED | U5: T-one + GigaAM-v3 RNNT рекомендованы к эксперименту
A6: E07 | B6: Bridge-T | C6: Проверить тракт Auracast sink→induction→T/MT | D6: READY-ON-HW | E6: Sink + neckloop/inductor + T/MT device | F6: Logging / measurement | G6: Аудиосигнал | H6: Приём через T/MT | I6: Transfer / usability metric | J6: latency / level / stability | K6: geometry / level | L6: Same source | M6: TBD | N6: По E07 protocol | O6: E07_bridge_t.csv | P6: Никитин Даниил Константинович | S6: NOT MEASURED | U6: Bridge-T как класс не заявляется новизной

Sheet 05_E05_ASR
A1: Trial ID | B1: Speech Material ID | C1: Condition | D1: Distance | E1: Noise Condition | F1: Reverberation Condition | G1: Channel | H1: ASR Model | I1: Reference Text | J1: Recognized Text | K1: Word Count Reference | L1: Substitutions | M1: Deletions | N1: Insertions | O1: WER | P1: Character Errors | Q1: Reference Characters | R1: CER | S1: Caption Start Latency ms | T1: Finalization Latency ms | U1: Partial Revisions | V1: Notes
A2: T01 | B2: SM01 | C2: A | D2: near | E2: quiet | F2: low | G2: CLEAN_FEED | H2: T-one | O2: =IFERROR((L2+M2+N2)/K2,"") | R2: =IFERROR(P2/Q2,"")
A3: T02 | B3: SM01 | C3: A | D3: near | E3: quiet | F3: low | G3: PHONE_MIC | H3: T-one | O3: =IFERROR((L3+M3+N3)/K3,"") | R3: =IFERROR(P3/Q3,"")
A4: T03 | B4: SM01 | C4: B | D4: far row | E4: quiet | F4: room | G4: CLEAN_FEED | H4: T-one | O4: =IFERROR((L4+M4+N4)/K4,"") | R4: =IFERROR(P4/Q4,"")
A5: T04 | B5: SM01 | C5: B | D5: far row | E5: quiet | F5: room | G5: PHONE_MIC | H5: T-one | O5: =IFERROR((L5+M5+N5)/K5,"") | R5: =IFERROR(P5/Q5,"")
A6: T05 | B6: SM01 | C6: C | D6: near | E6: background noise | F6: room | G6: CLEAN_FEED | H6: T-one | O6: =IFERROR((L6+M6+N6)/K6,"") | R6: =IFERROR(P6/Q6,"")
A7: T06 | B7: SM01 | C7: C | D7: near | E7: background noise | F7: room | G7: PHONE_MIC | H7: T-one | O7: =IFERROR((L7+M7+N7)/K7,"") | R7: =IFERROR(P7/Q7,"")
A8: T07 | B8: SM01 | C8: D | D8: far row | E8: quiet | F8: reverberant | G8: CLEAN_FEED | H8: T-one | O8: =IFERROR((L8+M8+N8)/K8,"") | R8: =IFERROR(P8/Q8,"")
A9: T08 | B9: SM01 | C9: D | D9: far row | E9: quiet | F9: reverberant | G9: PHONE_MIC | H9: T-one | O9: =IFERROR((L9+M9+N9)/K9,"") | R9: =IFERROR(P9/Q9,"")
A10: T09 | B10: SM01 | C10: E | D10: far row | E10: background noise | F10: reverberant | G10: CLEAN_FEED | H10: T-one | O10: =IFERROR((L10+M10+N10)/K10,"") | R10: =IFERROR(P10/Q10,"")
A11: T10 | B11: SM01 | C11: E | D11: far row | E11: background noise | F11: reverberant | G11: PHONE_MIC | H11: T-one | O11: =IFERROR((L11+M11+N11)/K11,"") | R11: =IFERROR(P11/Q11,"")

Sheet 06_Риски
A1: Risk ID | B1: Категория | C1: Риск | D1: Evidence | E1: Probability | F1: Impact | G1: Priority | H1: Mitigation | I1: Trigger | J1: Owner | K1: Status | L1: Source
A2: R01 | B2: PRIOR ART | C2: Roger NeckLoop USB→STT (2021) обесценивает clean-feed как новизну | D2: GATE 5.5/6A | E2: HIGH | F2: HIGH | G2: HIGH | H2: Позиционировать clean-feed как известный принцип | I2: Эксперт указывает на Roger | J2: Никитин Даниил Константинович | K2: OPEN | L2: ANALOG_RED_TEAM
A3: R02 | B3: PRIOR ART | C3: Bridge-T находится в плотном известном классе | D3: MyLink/NeckLoop/Auri/AuraCoil | E3: HIGH | F3: HIGH | G3: HIGH | H3: Не заявлять новизну класса; исследовать конкретную реализацию | I3: Сравнение с neckloop | J3: Никитин Даниил Константинович | K3: OPEN | L3: ANALOG_RED_TEAM
A4: R03 | B4: COMPETITION | C4: Bettear/HearAura уже объединяют аудио и текст | D4: GATE 6A | E4: MEDIUM | F4: HIGH | G4: HIGH | H4: Фокус на системных свойствах и измерениях | I4: Найден близкий hybrid workflow | J4: Никитин Даниил Константинович | K4: OPEN | L4: ANALOG_RED_TEAM
A5: R04 | B5: PRIOR ART | C5: Missed Speech имеет предшественника | D5: Bionica 2007 | E5: HIGH | F5: MEDIUM | G5: MEDIUM | H5: Использовать как UX differentiation, не patent novelty | I5: Патентный claim chart | J5: Никитин Даниил Константинович | K5: OPEN | L5: MISSED_SPEECH_PRIOR_ART
A6: R05 | B6: IP | C6: Патентный поиск неполный | D6: Google Patents/лаг публикаций | E6: HIGH | F6: HIGH | G6: HIGH | H6: Профессиональный поиск на Gate 7 | I6: Перед RID/патентными заявлениями | J6: Никитин Даниил Константинович | K6: OPEN | L6: GATE 6A
A7: R06 | B7: ECOSYSTEM | C7: Малый парк HA/CI с нативным Auracast | D7: GATE 6A device review | E7: HIGH | F7: HIGH | G7: HIGH | H7: Bridge-T + consumer earbuds + text-only path | I7: Пилот показывает низкую совместимость | J7: Никитин Даниил Константинович | K7: OPEN | L7: MOBILE_AURACAST_SUPPORT
A8: R07 | B8: COMPATIBILITY | C8: Фрагментация Auracast support между устройствами | D8: GATE 2/3/4A | E8: HIGH | F8: HIGH | G8: HIGH | H8: Чёткая compatibility matrix и тестовый список | I8: Неудачное подключение устройства | J8: Никитин Даниил Константинович | K8: OPEN | L8: AURACAST_SUPPORT
A9: R08 | B9: CLAIMS | C9: TARGET может быть ошибочно выдан за RESULT | D9: Red team | E9: MEDIUM | F9: HIGH | G9: HIGH | H9: Маркировать TARGET/BASELINE/NOT MEASURED | I9: Слайд содержит число без статуса | J9: Никитин Даниил Константинович | K9: OPEN | L9: PRESENTATION_QA
A10: R09 | B10: EVIDENCE | C10: Нет собственных hardware measurements | D10: E01–E10 не проведены | E10: HIGH | F10: HIGH | G10: HIGH | H10: Провести E01/E03/E04/E05/E07 | I10: Эксперт спрашивает измерения | J10: Никитин Даниил Константинович | K10: OPEN | L10: EXPERIMENT_READINESS
A11: R10 | B11: HARDWARE | C11: Зависимость от совместимого Auracast receiver hardware | D11: Procurement decision | E11: MEDIUM | F11: HIGH | G11: HIGH | H11: Research devkit + low-cost backup | I11: Недоступность/несовместимость devkit | J11: Никитин Даниил Константинович | K11: OPEN | L11: PURCHASE_DECISION

Sheet 07_Roadmap
A1: Этап | B1: Status | C1: Prerequisite | D1: Deliverable | E1: Start | F1: Finish | G1: Evidence | H1: Notes
A2: Source audit | B2: DONE | C2: — | D2: Legacy/source audit | G2: GATE 1
A3: Standards research | B3: DONE | C3: Source audit | D3: Standards/evidence report | G3: GATE 2/3/4A
A4: Competitor & prior art analysis | B4: DONE | C4: Standards research | D4: SONET/Roger/Auracast analysis | G4: GATE 5.5/6A
A5: Software MVP Route+ | B5: DONE | C5: Architecture freeze | D5: Working web MVP | G5: GATE 4B/5 | H5: MockASRProvider
A6: Final presentation | B6: DONE | C6: Gate 6A | D6: PPTX/PDF | G6: GATE 6B-1
A7: Article | B7: DONE | C7: Gate 6A | D7: DOCX/PDF, 2 pages | G7: GATE 6B-2
A8: Engineering workbook | B8: CURRENT | C8: Article + presentation | D8: Google Sheet / XLSX-ready workbook | G8: GATE 6B-3
A9: Hardware purchase | B9: NEXT | C9: Purchase decision | D9: Research stand | G9: NEXT GATE | H9: 2× nRF5340 DK recommended
A10: Local ASR E05 integration | B10: NEXT | C10: ASR selection | D10: Real ASR adapter | G10: E05 | H10: T-one + GigaAM-v3 reference
A11: E01 latency | B11: NEXT | C11: Hardware stand | D11: Measured latency dataset | G11: E01
A12: E03 stability | B12: NEXT | C12: Hardware stand | D12: Stability dataset | G12: E03
A13: E04 LC3 comparison | B13: NEXT | C13: Hardware stand | D13: LC3 comparison dataset | G13: E04
A14: E07 Bridge-T | B14: NEXT | C14: Sink + T/MT access | D14: Bridge-T measurements | G14: E07
A15: Pilot classroom | B15: FUTURE | C15: Validated stand + ASR | D15: Pilot report | G15: Roadmap
A16: Professional patent search | B16: FUTURE | C16: Experimental evidence | D16: Claim charts / search report | G16: Gate 7 | H16: Before patent claims
A17: Optional RID | B17: FUTURE | C17: Patent search | D17: RID decision | G17: Gate 7+ | H17: Only if evidence supports

Sheet 08_Источники
A1: Source ID | B1: Название | C1: Организация / Автор | D1: Год | E1: Тип | F1: PRIMARY? | G1: PEER-REVIEWED? | H1: SECONDARY? | I1: URL / File | J1: Access Date | K1: Claims Supported | L1: Used In | M1: Current? | N1: Notes
A2: SRC01 | B2: Public Broadcast Profile 1.0.1 | C2: Bluetooth SIG | E2: Specification | F2: YES | G2: NO | H2: NO | K2: Auracast public broadcast profile | L2: Architecture / article | M2: YES | N2: Primary normative source
A3: SRC02 | B3: Basic Audio Profile 1.0.1 | C3: Bluetooth SIG | E3: Specification | F3: YES | G3: NO | H3: NO | K3: LE Audio / LC3 audio profile | L3: Architecture / LC3 | M3: YES | N3: Primary normative source
A4: SRC03 | B4: Roger ecosystem / MyLink documentation | C4: Phonak | E4: Vendor documentation | F4: YES | G4: NO | H4: NO | K4: Roger remote microphone ecosystem; MyLink legacy | L4: Analog analysis | M4: YES | N4: Product history/status to be periodically rechecked
A5: SRC04 | B5: Roger NeckLoop for speech-to-text installation guide | C5: Phonak | D5: 2021 | E5: Vendor guide | F5: YES | G5: NO | H5: NO | K5: USB audio → third-party STT | L5: Novelty / article | M5: YES | N5: Critical prior art for clean-feed STT
A6: SRC05 | B6: СОНЕТ 2.0 | C6: Исток-Аудио | E6: Vendor documentation | F6: YES | G6: NO | H6: NO | K6: FM education system; T/TM path | L6: Analog analysis / article | M6: YES | N6: Russian education analogue
A7: SRC06 | B7: Android accessibility / Live Transcribe docs | C7: Google / Android | E7: Official documentation | F7: YES | G7: NO | H7: NO | K7: Mobile captioning capabilities | L7: App landscape | M7: YES
A8: SRC07 | B8: Auracast deployment in education | C8: University of Queensland | E8: University official page | F8: YES | G8: NO | H8: NO | K8: Claim about own deployment | L8: Presentation / article | M8: YES | N8: Primary only for its own deployment
A9: SRC08 | B9: Speech intelligibility research | C9: Bradley & Sato | D9: 2008 | E9: Peer-reviewed article | F9: NO | G9: YES | H9: NO | K9: Distance/noise/reverberation context | L9: Article | M9: YES | N9: Peer-reviewed research, not PRIMARY product source
A10: SRC09 | B10: Missed-speech prior art / Bionica | C10: Patent source | D10: 2007 | E10: Patent / prior art | F10: YES | G10: NO | H10: NO | K10: Earlier missed-speech mechanism | L10: Novelty map | M10: YES | N10: Use claim chart before patent conclusions
A11: SRC10 | B11: Auri official materials | C11: Listen Technologies / Ampetronic | E11: Vendor documentation | F11: YES | G11: NO | H11: NO | K11: Auracast ALS / receiver + neckloop class | L11: Analog analysis | M11: YES
A12: SRC11 | B12: Bettear official materials | C12: Bettear | E12: Vendor documentation | F12: YES | G12: NO | H12: NO | K12: Hybrid accessibility audio/text class | L12: Analog analysis | M12: YES | N12: Functions require product-level verification
A13: SRC12 | B13: HearAura materials | C13: HearAura | E13: Product material | F13: UNKNOWN | G13: NO | H13: UNKNOWN | K13: Reported Auracast + captions | L13: Analog analysis | M13: VERIFY | N13: Needs stronger primary verification
A14: SRC13 | B14: Ava captioning | C14: Ava | E14: Vendor documentation | F14: YES | G14: NO | H14: NO | K14: Captioning app class | L14: Analog analysis | M14: YES

Sheet 09_Решения
A1: Decision ID | B1: Date | C1: Decision | D1: Reason | E1: Alternatives | F1: Evidence | G1: Status | H1: Impact | I1: Source
A2: D-001 | C2: Route+ находится вне Auracast audio path | D2: Приложение не должно притворяться generic Auracast controller | E2: App-in-audio-chain | F2: Architecture freeze | G2: ACTIVE | H2: HIGH | I2: ARCHITECTURE_FREEZE
A3: D-002 | C3: Разветвление clean PCM выполняется до LC3 | D3: Один источник для аудио и data branch | E3: ASR из телефонного микрофона как единственный путь | F3: Gate 4A/6A | G3: ACTIVE | H3: HIGH | I3: SYSTEM_ARCHITECTURE
A4: D-003 | C4: Bridge-T как класс не заявляется новизной | D4: MyLink/NeckLoop/Auri/AuraCoil и др. | E4: Уникальность Bridge-T | F4: Gate 6A prior art | G4: ACTIVE | H4: HIGH | I4: NOVELTY_MAP
A5: D-004 | C5: Clean-feed → STT не заявляется новизной | D5: Roger NeckLoop prior art 2021 | E5: Clean-feed как core novelty | F5: Phonak STT guide | G5: ACTIVE | H5: HIGH | I5: NOVELTY_MAP
A6: D-005 | C6: AUTHOR_COUNT = 1 | D6: Проект имеет одного автора | E6: Командное авторство | F6: AUTHORSHIP_POLICY | G6: ACTIVE | H6: HIGH | I6: AUTHORSHIP_POLICY
A7: D-006 | C7: LC3 24_2_1 используется как engineering baseline | D7: Нужна базовая конфигурация для E04 | E7: Сразу объявить оптимальной | F7: Gate 4A | G7: ACTIVE | H7: MEDIUM | I7: LC3_BASELINE
A8: D-007 | C8: Latency values маркируются TARGET / ACCEPTANCE | D8: Собственных измерений ещё нет | E8: Показывать как achieved | F8: Red team | G8: ACTIVE | H8: HIGH | I8: LATENCY_DEEP_DIVE
A9: D-008 | C9: Research stand: 2× nRF5340 Audio DK | D9: Контроль firmware/LC3/QoS важнее красивого demo | E9: FMA120 + AuraClip | F9: PURCHASE_DECISION | G9: RECOMMENDED | H9: HIGH | I9: PURCHASE_DECISION
